<?xml version="1.0" encoding="utf-8"?>
<!-- Copyright 2019 OpenSynergy Indonesia
     License AGPL-3.0 or later (http://www.gnu.org/licenses/agpl). -->

<odoo>
    <data>

        <record id="base_sequence_rental_property" model="base.sequence.configurator">
            <field name="model_id" ref="rental_property.model_rental_property"/>
            <field name="sequence_field_id" search="[('model_id.model','=','rental.property'),('name','=','name')]"/>
            <field name="fallback_sequence_id" ref="rental_property.sequence_rental_property"/>
        </record>

        <record id="base_sequence_rental_property_line" model="base.sequence.configurator.line">
            <field name="generator_id" ref="rental_property.base_sequence_rental_property"/>
            <field name="sequence" eval="1"/>
            <field name="sequence_computation_code">result = document.type_id.sequence_id</field>
        </record>

    </data>
</odoo>
