<?xml version="1.0" encoding="utf-8"?>
<!-- Copyright 2019 OpenSynergy Indonesia
     License AGPL-3.0 or later (http://www.gnu.org/licenses/agpl). -->

<odoo>
    <data>

        <record id="base_workflow_rental_property" model="base.workflow.policy">
            <field name="model_id" ref="rental_property.model_rental_property"/>
        </record>

        <record id="base_workflow_line_rental_property_confirm" model="base.workflow.policy.line">
            <field name="workflow_id" ref="rental_property.base_workflow_rental_property"/>
            <field name="field_id" search="[('model_id.model','=','rental.property'),('name','=','confirm_ok')]"/>
            <field name="python_code">result = document.type_id.rental_confirm_grp_ids.ids</field>
        </record>

        <record id="base_workflow_line_rental_property_approve" model="base.workflow.policy.line">
            <field name="workflow_id" ref="rental_property.base_workflow_rental_property"/>
            <field name="field_id" search="[('model_id.model','=','rental.property'),('name','=','approve_ok')]"/>
            <field name="python_code">result = document.type_id.rental_approve_grp_ids.ids</field>
        </record>

        <record id="base_workflow_line_rental_property_start" model="base.workflow.policy.line">
            <field name="workflow_id" ref="rental_property.base_workflow_rental_property"/>
            <field name="field_id" search="[('model_id.model','=','rental.property'),('name','=','start_ok')]"/>
            <field name="python_code">result = document.type_id.rental_start_grp_ids.ids</field>
        </record>

        <record id="base_workflow_line_rental_property_done" model="base.workflow.policy.line">
            <field name="workflow_id" ref="rental_property.base_workflow_rental_property"/>
            <field name="field_id" search="[('model_id.model','=','rental.property'),('name','=','done_ok')]"/>
            <field name="python_code">result = document.type_id.rental_done_grp_ids.ids</field>
        </record>

        <record id="base_workflow_line_rental_property_cancel" model="base.workflow.policy.line">
            <field name="workflow_id" ref="rental_property.base_workflow_rental_property"/>
            <field name="field_id" search="[('model_id.model','=','rental.property'),('name','=','cancel_ok')]"/>
            <field name="python_code">result = document.type_id.rental_cancel_grp_ids.ids</field>
        </record>

        <record id="base_workflow_line_rental_property_terminate" model="base.workflow.policy.line">
            <field name="workflow_id" ref="rental_property.base_workflow_rental_property"/>
            <field name="field_id" search="[('model_id.model','=','rental.property'),('name','=','terminate_ok')]"/>
            <field name="python_code">result = document.type_id.rental_terminate_grp_ids.ids</field>
        </record>

        <record id="base_workflow_line_rental_property_restart" model="base.workflow.policy.line">
            <field name="workflow_id" ref="rental_property.base_workflow_rental_property"/>
            <field name="field_id" search="[('model_id.model','=','rental.property'),('name','=','restart_ok')]"/>
            <field name="python_code">result = document.type_id.rental_restart_grp_ids.ids</field>
        </record>

    </data>
</odoo>
