<?xml version="1.0" encoding="utf-8"?>
<odoo>
    <data noupdate="0">

        <record id="ir_cron_run_create_invoice" model="ir.cron" forcecreate="True">
            <field name="name">Rental Property: Run Create Invoice</field>
            <field name="active" eval="False"/>
            <field name="user_id" ref="base.user_root"/>
            <field name="interval_number">1</field>
            <field name="interval_type">days</field>
            <field name="numbercall">-1</field>
            <field name="model">rental.property.detail.schedule</field>
            <field name="function">run_create_invoice</field>
            <field name="args" eval="'()'"/>
        </record>

    </data>
</odoo>

